{
  "f1": 0.9300409769123151,
  "precision": 0.9495084249296715,
  "recall": 0.9113557599966596,
  "auc": 0.9876546120962718,
  "best_params": {
    "n_estimators": 895,
    "max_depth": 29,
    "max_features": "sqrt",
    "bootstrap": false,
    "min_samples_split": 14,
    "min_samples_leaf": 1,
    "criterion": "gini",
    "random_state": null,
    "n_jobs": -1
  },
  "scaler": {
    "used": true,
    "class": "sklearn.preprocessing.StandardScaler"
  },
  "best_threshold": 0.45999999999999996,
  "best_f1_at_best_threshold": 0.9301486902439197
}